,0,1,2,3,4,5,6,7,8,9,10,11,12,13,14,15,16,17,18,19,20,21,22,23,24,25,26,27,28,29,30,31,32,33,34,35,36,37,38,39,40,41,42,43,44,45,46,47,48,49,50,51,52,53,54,55,56,57,58,59,60,61,62,63,64,65,66,67,68,69,70,71,72,73,74,75,76,77,78,79,80,81,82,83,84,85,86,87,88,89,90,91,92,93,94,95,96,97,98,99,100,101,102,103,104,105,106,107,108,109,110,111,112,113,114,115,116,117,118,119,120,121,122,123,124,125,126,127,name
0,0.22616855800151825,0.05193154886364937,-0.12683621048927307,0.15695376694202423,0.021511811763048172,0.13758322596549988,0.15189020335674286,0.09863409399986267,0.015574702061712742,0.08625683933496475,-0.1652265340089798,-0.07781899720430374,0.00014294411812443286,0.03796067461371422,-0.06971942633390427,0.02392628602683544,-0.1787281185388565,0.0823127031326294,0.008202019147574902,0.030567912384867668,0.013751623220741749,0.15730951726436615,0.21383976936340332,0.02205687202513218,0.09062331914901733,0.10033297538757324,0.06048024445772171,-0.11208610236644745,0.07255823910236359,-0.01800590194761753,-0.11243455857038498,0.04277860373258591,-0.03640786558389664,-0.008296818472445011,0.0036432091146707535,-0.18567515909671783,0.00017777502944227308,0.02569221705198288,0.04758927598595619,0.07468666881322861,0.05309306085109711,-0.020873231813311577,0.019130995497107506,-0.11552812904119492,0.07858438789844513,0.09332028031349182,-0.08067523688077927,-0.014143934473395348,0.09028318524360657,-0.03732284530997276,-0.04516911879181862,0.12115374207496643,0.029877938330173492,-0.07975137233734131,0.05309964716434479,0.038843683898448944,0.02261347882449627,0.17862248420715332,0.002265776740387082,-0.1983785778284073,-0.06577959656715393,-0.07817129045724869,0.03903387486934662,0.028705401346087456,-0.13441379368305206,0.004325159825384617,0.046563517302274704,-0.014902563765645027,0.0002583328459877521,-0.19461151957511902,0.048260681331157684,0.010048173367977142,0.1380636990070343,0.09515806287527084,-0.0022974538151174784,-0.18942509591579437,-0.09235744923353195,0.18013736605644226,-0.0215536430478096,-0.019315194338560104,-0.006223737262189388,-0.042886197566986084,0.04642660543322563,-0.04772966727614403,-0.08192194253206253,0.017884526401758194,-0.06989441066980362,-0.06440841406583786,0.050597116351127625,-0.05283151566982269,0.008768283762037754,0.04998025670647621,-0.022578921169042587,0.07778377085924149,0.017427833750844002,-0.0790054053068161,0.028898267075419426,-0.11984042823314667,-0.09775778651237488,-0.07077432423830032,-0.1546478420495987,0.07826115936040878,-0.03701712191104889,0.03673020005226135,-0.08187983930110931,-0.0757836177945137,0.08790897578001022,-0.06290630996227264,-0.10382340103387833,0.11403775215148926,0.012093929573893547,0.20522373914718628,0.09604030847549438,-0.00043617995106615126,0.05599459633231163,0.10630744695663452,-0.056825604289770126,-0.03588895872235298,0.014332588762044907,-0.07221528887748718,-0.08647113293409348,0.03484317660331726,0.011988949961960316,-0.004392697941511869,-0.15981969237327576,0.05693593621253967,0.021001962944865227,-0.012383739463984966,Deepika Padukone
1,0.06434494256973267,-0.05288301408290863,-0.09048943221569061,0.13655351102352142,-0.008053264580667019,-0.1852847784757614,-0.040997277945280075,-0.06847142428159714,0.09257268905639648,0.04550624266266823,-0.024660350754857063,-0.07716373354196548,0.2771824598312378,0.03842063248157501,0.0630461573600769,0.06712668389081955,0.056804120540618896,-0.04280718415975571,-0.10598693042993546,0.04812685027718544,-0.041031450033187866,0.013962814584374428,0.024466438218951225,0.1415201872587204,0.09709710627794266,0.009070213884115219,0.08542843908071518,0.05307846888899803,0.1310867816209793,-0.004578520078212023,-0.03340664878487587,0.00012896498083136976,-0.016801584511995316,0.039021704345941544,0.006888212636113167,0.155113086104393,-0.2662228047847748,0.07125424593687057,-0.16344797611236572,0.09718024730682373,0.11907117813825607,0.15692587196826935,0.21560119092464447,0.08163472265005112,0.03735968470573425,-0.00258961645886302,0.09125297516584396,-0.06589648872613907,-0.05433650687336922,-0.02636270597577095,-0.08223336935043335,-0.030235208570957184,-0.10901068150997162,0.04798660799860954,-0.05762934312224388,-0.11624076217412949,0.018481222912669182,0.0430673323571682,-0.05225881189107895,-0.053907524794340134,-0.034759920090436935,0.07755766808986664,-0.09546637535095215,-0.040360841900110245,-0.059547457844018936,-0.03511788696050644,-0.04385802894830704,-0.05081980302929878,0.10807466506958008,-0.1356729120016098,-0.015975724905729294,0.01732429303228855,-0.009581247344613075,-0.013768532313406467,-0.09757561981678009,-0.011993259191513062,0.012714242562651634,-0.13228291273117065,0.0841892659664154,-0.1924610584974289,0.20589208602905273,-0.016838932409882545,0.10018713772296906,0.013296728953719139,0.07204130291938782,-0.06710489094257355,0.09195542335510254,0.02585614286363125,0.011042177677154541,-0.0065377275459468365,0.031552352011203766,0.12132463604211807,0.14259034395217896,0.10218823701143265,-0.059268854558467865,0.15058673918247223,-0.09194038808345795,0.05268338695168495,-0.1310615837574005,0.007218936458230019,0.014672482386231422,0.06985348463058472,-0.00018535807612352073,-0.12485168129205704,0.03109385445713997,-0.01183837465941906,-0.01331322081387043,0.09645450115203857,-0.09749319404363632,-0.054779089987277985,0.09757835417985916,0.11581932008266449,-0.017061224207282066,0.040675338357686996,-0.060808178037405014,0.0054088798351585865,-0.01959344372153282,-0.10059364140033722,0.06055634468793869,-0.039549991488456726,0.10537096112966537,0.04357883706688881,-0.04024623706936836,-0.09817018359899521,0.14135032892227173,-0.05146676301956177,0.05974700674414635,-0.08352141827344894,Gerrad Pique
2,0.041671935468912125,-0.1799594759941101,0.051241159439086914,0.07559581100940704,0.06021643057465553,-0.10255865752696991,-0.015807297080755234,0.07078788429498672,-0.01110434252768755,0.18040169775485992,-0.1639677733182907,-0.06406569480895996,-0.05593021586537361,0.08554654568433762,-0.06448951363563538,0.009451366029679775,-0.07441910356283188,0.014388994313776493,0.0770166665315628,-0.016953783109784126,0.11837805807590485,-0.039162036031484604,0.11353830248117447,-0.13362163305282593,0.0180791188031435,0.13406731188297272,0.18245430290699005,-0.03465631231665611,-0.0234498493373394,-0.07889027893543243,-0.08378506451845169,0.05965463072061539,0.029833536595106125,0.015554471872746944,-0.011232292279601097,0.013552221469581127,0.0765012875199318,-0.030722232535481453,0.05468958616256714,-0.11291804164648056,-0.04666244611144066,0.08159184455871582,0.040377095341682434,-0.015521151944994926,0.03728317841887474,0.07769208401441574,-0.11576546728610992,0.005136807449162006,0.061610810458660126,0.045779839158058167,-0.10726947337388992,0.110598124563694,-0.07026965171098709,-0.050914764404296875,0.11009439826011658,-0.019298173487186432,-0.0010842898627743125,0.16372054815292358,0.19628706574440002,-0.07024329155683517,-0.05674447864294052,0.038748130202293396,0.0020023854449391365,0.06474389880895615,-0.13853684067726135,0.14117605984210968,-0.04967058449983597,-0.07048840820789337,-0.04256901144981384,0.12169458717107773,-0.03211743384599686,-0.1608499139547348,0.12769146263599396,-0.060144517570734024,0.025854839012026787,-0.08075058460235596,-0.10445000231266022,0.004701585508882999,-0.0285770483314991,-0.050444770604372025,-0.04260791093111038,-0.08440211415290833,0.1451452225446701,0.0716218650341034,-0.05265672504901886,-0.02498404122889042,-0.1125497817993164,0.04900543391704559,0.08287031203508377,-0.025728024542331696,-0.05689411982893944,0.0913490355014801,-0.11257832497358322,-0.019504914060235023,-0.01766832545399666,-0.04649526998400688,-0.06667521595954895,-0.1674249768257141,-0.02864869125187397,0.03299536928534508,-0.10603711009025574,0.04748954251408577,-0.07786905765533447,-0.0864420086145401,0.13011255860328674,-0.0028182535897940397,0.1413208693265915,0.06881338357925415,-0.040537845343351364,0.12079881876707077,0.10978230088949203,-0.07521265000104904,-0.0383242666721344,0.1410582810640335,0.11207325756549835,0.07700180262327194,-0.007723546586930752,-0.011231469921767712,0.004981852602213621,-0.1960003525018692,0.10609197616577148,-0.11227777600288391,-0.12701675295829773,0.04696136340498924,-0.021260518580675125,-0.1600477546453476,0.2075251042842865,-0.021044541150331497,Katy Perry
3,0.002497951965779066,0.11842774599790573,0.10095769166946411,0.01577472686767578,0.054019805043935776,0.07983875274658203,-0.035692136734724045,0.051301464438438416,0.10250584781169891,0.008993227034807205,-0.09666214883327484,0.000561410328373313,-0.12128745019435883,-0.14161042869091034,0.009302724152803421,-0.1392013430595398,-0.023792870342731476,0.09653861820697784,0.2439151406288147,-0.019354889169335365,-0.059651318937540054,0.12796662747859955,-0.11632130295038223,0.08753861486911774,-0.1558094471693039,-0.021657636389136314,-0.03816302865743637,-0.15101748704910278,0.001228458364494145,-0.08989977836608887,0.035914529114961624,-0.056860413402318954,-0.041532307863235474,-0.03166484087705612,0.040070440620183945,-0.04215138033032417,0.07623410224914551,0.023554349318146706,-0.000694280955940485,-0.049042705446481705,-0.06935247778892517,-0.09952672570943832,-0.029682820662856102,0.010016148909926414,0.08938371390104294,0.11599133908748627,-0.07036904990673065,0.06617261469364166,-0.03170629218220711,0.058090344071388245,-0.0847243070602417,0.07734967768192291,-0.008205964230000973,0.1318124681711197,-0.13082332909107208,0.07093724608421326,0.014608398079872131,-0.1485310196876526,-0.17761431634426117,-0.07231698930263519,-0.04494908079504967,0.011373108252882957,-0.01077454723417759,0.010631771758198738,-0.08506681025028229,0.12536099553108215,0.1342078596353531,-0.12902331352233887,-0.09883435070514679,0.014948241412639618,0.14468929171562195,-0.24938751757144928,0.0072449264116585255,0.05758625268936157,0.07098778337240219,-0.07305549830198288,-0.1422908753156662,0.022243360057473183,-0.16910047829151154,0.12010490149259567,0.1348254680633545,-0.07901297509670258,-0.06219552084803581,-0.03722207248210907,0.07897935062646866,0.014965876936912537,0.014900079928338528,0.08994723111391068,-0.008875275030732155,-0.017177995294332504,-0.168643981218338,-0.0017999917035922408,0.01973780058324337,-0.044956859201192856,0.006228771526366472,-0.07334591448307037,-0.06941487640142441,-0.00012330077879596502,0.056721728295087814,0.027431292459368706,-0.11418138444423676,0.011266258545219898,0.08196953684091568,0.011419043876230717,0.02836509235203266,0.05058801919221878,-0.0390448123216629,0.09154422581195831,0.06547743082046509,-0.08450113236904144,-0.06201186403632164,-0.14382024109363556,-0.145231232047081,0.06331966072320938,-0.17314915359020233,0.02430805191397667,-0.08091933280229568,-0.05471482127904892,-0.068416066467762,0.03307649493217468,-0.16387082636356354,-0.1049850732088089,-0.08497904986143112,0.04744444042444229,0.063814178109169,0.1251756101846695,-0.0018008005572482944,0.10156530141830444,Luis Suarez
4,-0.0658925324678421,0.09038728475570679,0.048463352024555206,-0.08970773965120316,0.0009824528824537992,-0.025686858221888542,-0.11857602000236511,0.08483147621154785,0.057071343064308167,0.06341748684644699,0.01624823361635208,-0.027752747759222984,-0.11213430762290955,-0.04137812927365303,0.01956714130938053,0.061313990503549576,-0.069003164768219,0.1660899668931961,0.08222546428442001,0.13731646537780762,0.13612447679042816,-0.09209202229976654,0.043775711208581924,-0.026145966723561287,0.14423184096813202,-0.04745018109679222,-0.07256574183702469,0.06353733688592911,-0.012807842344045639,-0.05500423163175583,0.011706179939210415,-0.15046976506710052,0.13835112750530243,-0.04678299278020859,-0.06575655937194824,-0.002138738054782152,0.03780335932970047,-0.056822557002305984,0.010218504816293716,0.03634463623166084,-0.059636007994413376,-0.02991265058517456,-0.06657828390598297,0.05587612837553024,-0.06881455332040787,0.0757555142045021,-0.22563980519771576,-0.01798594370484352,-0.08104393631219864,-0.13304337859153748,0.002950765658169985,0.13639624416828156,0.013102752156555653,0.06610827147960663,-0.0035101997200399637,0.0640408918261528,0.10155916213989258,-0.08593180775642395,0.06728123128414154,0.0813988670706749,0.2572721838951111,0.06117819622159004,0.10886064171791077,-0.013917908072471619,0.030593328177928925,-0.1083311140537262,0.06745316088199615,-0.07604566216468811,0.054059192538261414,-0.08471569418907166,-0.14668959379196167,-0.012443695217370987,-0.18494123220443726,-0.11373377591371536,0.10102523118257523,0.04551980644464493,0.031196119263768196,0.02741343528032303,0.005951632279902697,0.03920663520693779,0.05848300829529762,0.04283176362514496,0.010164108127355576,-0.006106868851929903,0.013955255970358849,-0.010648095980286598,-0.20554904639720917,0.02082258090376854,-0.029022257775068283,0.052373748272657394,-0.06978679448366165,-0.12072692811489105,0.025853149592876434,0.172202005982399,-0.15138250589370728,-0.18473468720912933,-0.0757150650024414,-0.1946709305047989,0.10357722640037537,0.07858029752969742,0.012066083960235119,0.06984938681125641,0.06830605864524841,0.04840259253978729,-0.034205373376607895,-0.02254326455295086,-0.24590542912483215,0.06403648853302002,-0.12864424288272858,0.07383108139038086,0.04114469140768051,-0.02067415788769722,-0.07141409814357758,-0.002540120156481862,0.031571902334690094,0.03629034012556076,0.017426369711756706,-0.03559118136763573,-0.02414148859679699,0.08533642441034317,0.1102670356631279,0.07396157830953598,-0.16877341270446777,-0.09081288427114487,-0.045892711728811264,-0.04424168914556503,-0.0016241120174527168,0.014825686812400818,Neymar
5,0.028638118878006935,0.17719052731990814,0.022913238033652306,0.06455802172422409,0.09891370683908463,-0.18464764952659607,0.0641026496887207,-0.08130919933319092,-0.00740473810583353,0.08764289319515228,0.07097000628709793,0.03595589101314545,0.053393956273794174,-0.12752167880535126,0.24432891607284546,-0.05270802974700928,-0.09708831459283829,0.04301717132329941,0.08632626384496689,0.03488917648792267,-0.10681908577680588,0.06304697692394257,0.018185516819357872,0.18958015739917755,-0.02648583985865116,-0.07832230627536774,-0.005924736149609089,0.07120542973279953,-0.048410117626190186,-0.05129537731409073,-0.13693735003471375,-0.00603402080014348,-0.08587068319320679,0.12775593996047974,-0.01709761656820774,0.06927921622991562,-0.033633965998888016,-0.02545567788183689,-0.1302562654018402,-0.11455300450325012,0.0937800407409668,0.0066599720157682896,0.0022230977192521095,0.05316419154405594,-0.0743820071220398,0.07027407735586166,-0.021678362041711807,-0.1754589080810547,0.004857271444052458,0.01048339530825615,0.07254867255687714,-0.06713572144508362,0.0427638404071331,-0.010166098363697529,-0.1496710181236267,0.02803172543644905,-0.11328111588954926,-0.11771247535943985,-0.07199416309595108,-0.037401214241981506,0.015145286917686462,0.028623152524232864,-0.039030786603689194,-0.18347060680389404,0.004109759349375963,-0.04753796011209488,0.10242198407649994,-0.14629125595092773,0.08590661734342575,0.1389085054397583,0.10253226011991501,-0.058681558817625046,0.03487208113074303,0.05732772499322891,-0.15225569903850555,-0.03663972020149231,0.05848274007439613,-0.041641850024461746,-0.11399882286787033,0.020712129771709442,0.16453000903129578,0.03698356822133064,-0.06080744415521622,0.07268327474594116,0.02320682629942894,-0.05722430720925331,0.17285314202308655,-0.02786838263273239,0.06099343299865723,0.02609715238213539,-0.06657316535711288,0.0014837514609098434,0.03751687332987785,0.16741368174552917,-0.00894935242831707,-0.22296635806560516,0.07726863026618958,0.01571672409772873,0.03150595724582672,0.10436034202575684,-0.08362044394016266,-0.09271587431430817,0.048008259385824203,-0.0025148969143629074,0.1013583242893219,0.0827239379286766,0.009094519540667534,0.02706790901720524,-0.0858779102563858,0.08651379495859146,0.029620161280035973,0.04867568612098694,-0.10847403109073639,0.1252594292163849,0.03286014869809151,0.005260070785880089,-0.06547731906175613,-0.1764664500951767,0.013495316728949547,0.1317926049232483,-0.07127179950475693,-0.005010651890188456,-0.15399552881717682,0.07524289190769196,0.022899465635418892,0.10917992144823074,0.015227201394736767,0.06208554282784462,Cristiano Ronaldo
6,-0.02710469625890255,-0.07493015378713608,0.07370413839817047,0.11203671991825104,-0.03824789077043533,-0.07681761682033539,0.0066310144029557705,-0.013572832569479942,0.053745027631521225,-0.17000433802604675,-0.07746723294258118,-0.04929295927286148,0.11842873692512512,0.007565273437649012,0.016058338806033134,0.07550273090600967,0.0044973669573664665,0.09358043968677521,-0.12890927493572235,0.06125153973698616,-0.09291195869445801,0.1467864215373993,-0.025579210370779037,0.13583970069885254,0.04047161340713501,0.011068432591855526,0.019125675782561302,0.11975374817848206,0.18691545724868774,-0.06670032441616058,-0.022543877363204956,0.0601542666554451,-0.07226905971765518,-0.010552327148616314,-0.06521441042423248,0.05514763295650482,-0.07650747895240784,-0.03554798290133476,-0.17615368962287903,0.06642694026231766,0.02097245492041111,-0.027248818427324295,0.18095046281814575,-0.07599040865898132,0.051487475633621216,0.03448067232966423,0.017911644652485847,-0.08915922045707703,-0.041805487126111984,-0.05041412636637688,0.10654989629983902,-0.05742001160979271,0.018205057829618454,0.12236617505550385,-0.057561688125133514,0.04763823002576828,-0.15460091829299927,-0.07520732283592224,0.025189479812979698,0.14126598834991455,-0.05054628849029541,0.06071319803595543,-0.011641853488981724,0.09839703142642975,0.09267066419124603,0.07130197435617447,0.2081098109483719,0.13427121937274933,0.03456099331378937,-0.01771702989935875,-0.06628425419330597,0.18164142966270447,0.05090237781405449,0.06918380409479141,-0.1420062780380249,0.04200909286737442,-0.09114842116832733,-0.08713796734809875,-0.050730761140584946,-0.06117895618081093,0.024673614650964737,0.14974622428417206,-0.046202272176742554,0.04755271226167679,-0.02533969096839428,-0.24144169688224792,0.08038614690303802,-0.12686946988105774,-0.06140036880970001,-0.06116398423910141,0.12370504438877106,-0.006568838842213154,-0.024310696870088577,-0.06964124739170074,-0.1686386913061142,-0.019205525517463684,-0.009543760679662228,0.1078132912516594,0.2514435946941376,0.02997203730046749,0.020750025287270546,-0.06605532765388489,0.03673509508371353,0.08797292411327362,-0.05665082111954689,0.08276081830263138,-0.16341859102249146,-0.010102036409080029,-0.06673406809568405,-0.10141605138778687,0.07415750622749329,0.037347547709941864,0.12493087351322174,-0.05153282359242439,0.09307892620563507,0.0067663067020475864,0.07309266179800034,0.05264982581138611,-0.060928381979465485,0.03278229013085365,0.14259029924869537,0.012083916924893856,0.06728315353393555,-0.004599692299962044,-0.0012698405189439654,0.08472185581922531,-0.004379416350275278,-0.067747563123703,Messi
7,0.014932244084775448,-0.005529815796762705,0.016476823017001152,0.14483687281608582,-0.11753883957862854,-0.07649261504411697,-0.08390223234891891,-0.13163898885250092,0.05187639221549034,0.04667419567704201,0.03272682800889015,-0.13486693799495697,-0.11573684960603714,0.07180801779031754,-0.09909037500619888,-0.15043507516384125,0.09780227392911911,0.03917963057756424,0.029108179733157158,0.0028470607940107584,0.1923738718032837,-0.14508001506328583,0.05829281359910965,0.012239755131304264,0.08549921959638596,0.0030791473109275103,0.044637907296419144,0.019714033231139183,0.04126240313053131,-0.10033629089593887,-0.008280771784484386,0.17077811062335968,0.0689879059791565,0.04624735191464424,-0.016938110813498497,0.08845814317464828,0.06911830604076385,-0.11214558780193329,0.008895094506442547,0.01305102277547121,-0.019705265760421753,-0.05737254023551941,-0.016833629459142685,-0.044488631188869476,-0.009188316762447357,0.21473002433776855,-0.029230758547782898,0.02204267680644989,0.028421202674508095,-0.10673627257347107,0.045261215418577194,-0.08035128563642502,-0.164515882730484,0.09377123415470123,0.038334134966135025,0.21723617613315582,-0.051576048135757446,0.023610902950167656,0.07918243855237961,-0.006868336349725723,-0.08325069397687912,0.0569898895919323,0.03888315334916115,-0.06361822783946991,0.07359357178211212,0.07526373118162155,0.03391174599528313,0.09581656008958817,0.03283599764108658,0.04581664502620697,-0.05779499188065529,-0.05768648535013199,0.13472600281238556,-0.06076106056571007,-0.09896251559257507,-0.05293384566903114,0.11177347600460052,-0.14666789770126343,-0.1285628080368042,-0.04004882276058197,0.09544258564710617,-0.12057477980852127,0.13743886351585388,0.010256970301270485,-0.08144412189722061,0.0428323820233345,-0.1322864443063736,0.015421523712575436,0.06307470798492432,-0.04950457811355591,0.1452624648809433,0.06286988407373428,0.022543368861079216,-0.05459621548652649,-0.05736498162150383,0.046870868653059006,0.11376918852329254,-0.01293562538921833,-0.016566632315516472,0.05896204337477684,-0.17196200788021088,0.07998690754175186,0.1032668873667717,-0.05387469008564949,0.029045671224594116,-0.06420810520648956,0.12511521577835083,0.07565409690141678,0.051327258348464966,-0.10538491606712341,-0.0857016071677208,-0.10417879372835159,-0.08823973685503006,-0.027834221720695496,0.07058922946453094,-0.017514046281576157,0.10180477052927017,0.15197522938251495,0.15843921899795532,-0.021196044981479645,-0.0995669960975647,0.0025728722102940083,0.14519698917865753,0.004387733526527882,0.12021051347255707,0.0064583513885736465,0.12309979647397995,0.18201898038387299,Taylor Swift
8,0.009863777086138725,-0.08946763724088669,0.10041110962629318,0.06502382457256317,0.025357306003570557,0.01864744909107685,0.07730992883443832,-0.0780816525220871,0.04339154437184334,0.15311259031295776,-0.20406684279441833,0.0691853016614914,-0.09744706749916077,-0.01683846488595009,-0.02995406463742256,-0.03364063799381256,-0.15562301874160767,0.03246365487575531,-0.09640636295080185,-0.10745945572853088,0.07580047845840454,-0.07516568899154663,0.12086384743452072,0.1305050402879715,0.042804740369319916,-0.13072922825813293,-0.036433782428503036,-0.06455306708812714,0.010324099101126194,-0.02297189086675644,-0.009699531830847263,-0.04491675645112991,-0.019290339201688766,0.11193640530109406,-0.0755167156457901,-0.0723213255405426,0.018565289676189423,-0.034104615449905396,-0.11737418919801712,-0.14917850494384766,0.09583744406700134,-0.07713046669960022,-0.06712910532951355,0.07865919172763824,-0.010451593436300755,0.09922105818986893,-0.017331548035144806,0.08295419067144394,-0.1435297131538391,0.05658750236034393,-0.14619584381580353,0.045554403215646744,0.005292141810059547,-0.026326444000005722,0.08439742773771286,0.1516066938638687,-0.10526739060878754,-0.04776354879140854,0.007446777541190386,-0.07242041081190109,-0.14124180376529694,0.047065604478120804,-0.05289440229535103,-0.024212762713432312,-0.05646501109004021,0.17331090569496155,-0.09746036678552628,0.1063014566898346,0.025839267298579216,-0.05933466926217079,0.0026638307608664036,-0.08074066787958145,0.12441499531269073,-0.04735790193080902,-0.11405368149280548,-0.1331983208656311,-0.2013789713382721,-0.15903976559638977,-0.04900428280234337,-0.043408509343862534,0.07302118837833405,-0.1998148411512375,-0.01140030100941658,0.10812244564294815,0.0773862972855568,-0.06787952035665512,0.026220830157399178,0.13528890907764435,0.17414818704128265,0.10673949122428894,-0.02404562011361122,-0.04263700172305107,0.09497775882482529,0.04702601954340935,0.09202989190816879,0.03823860362172127,0.15249328315258026,-0.028803272172808647,0.006302879191935062,0.08065126836299896,-0.020449116826057434,0.05417952314019203,-0.12428504973649979,-0.05237271636724472,-0.041542474180459976,-0.0659385696053505,0.03803640231490135,-0.1154075339436531,0.010357956402003765,0.02275805175304413,-0.060643963515758514,0.12769895792007446,0.09082172065973282,-0.1295088678598404,-0.010796901769936085,-0.010559276677668095,-0.06608568876981735,0.055105578154325485,0.010203927755355835,-0.12041934579610825,0.017312856391072273,-0.059516794979572296,0.05010150372982025,0.04693464934825897,-0.004077655263245106,0.03408561646938324,0.17599795758724213,0.14540308713912964,Dua Lipa
9,-0.048897020518779755,0.057515840977430344,0.09041330218315125,0.024639016017317772,-0.0808478370308876,-0.15914180874824524,-0.05589405819773674,-0.04678874835371971,-0.18750162422657013,0.06417401134967804,-0.10928698629140854,0.03369174525141716,0.01489543728530407,-0.023405389860272408,0.09656690061092377,0.09066815674304962,-0.1153375431895256,0.018732352182269096,0.025412824004888535,-0.0880904570221901,0.06319190561771393,-0.0620436929166317,0.08526762574911118,-0.027640746906399727,-0.04842130094766617,-0.013647275045514107,-0.031380876898765564,0.06681177020072937,0.2118827998638153,0.015030788257718086,-0.09890579432249069,-0.11885574460029602,0.12528304755687714,-0.020899951457977295,0.06503613293170929,0.009604820050299168,0.07543729245662689,0.06825687736272812,0.02037566341459751,0.029617389664053917,-0.08080627024173737,0.14352118968963623,-0.012860474176704884,-0.006554795429110527,-0.17411985993385315,0.0992053672671318,-0.06019952893257141,-0.010843522846698761,0.05368860065937042,-0.08336717635393143,-0.023730866611003876,0.07800775021314621,0.03691713511943817,0.09474866837263107,0.035311259329319,0.17938940227031708,-0.03280503675341606,0.15547583997249603,0.004677518270909786,0.191143199801445,-0.06029480695724487,-0.018115980550646782,-0.18347933888435364,0.045647602528333664,0.006707889027893543,0.06262944638729095,0.023639090359210968,0.06844048947095871,0.11843958497047424,0.09863763302564621,0.06677152216434479,0.041979365050792694,0.006611283402889967,0.012562531046569347,0.15723679959774017,0.1125861182808876,-0.03279796987771988,0.08102187514305115,-0.03307323157787323,-0.08218904584646225,0.04718973860144615,-0.02623346447944641,0.06390944868326187,-0.049788571894168854,-0.002346840687096119,0.0006739009986631572,-0.07431470602750778,0.01084840390831232,-0.1272585242986679,-0.007871019653975964,0.018918588757514954,0.13424411416053772,0.07268618792295456,-0.09722200781106949,-0.11880851536989212,0.09333541989326477,-0.18030953407287598,-0.11545059084892273,0.12090300768613815,-0.06817124783992767,-0.17565250396728516,0.0780850350856781,-0.03786487877368927,-0.006106608081609011,0.14553293585777283,-0.15476027131080627,0.04300741106271744,-0.033268414437770844,-0.0049676960334181786,-0.008649470284581184,0.006718653719872236,-0.01750815659761429,-0.18217511475086212,0.02716354839503765,0.026256635785102844,0.08612535893917084,0.1042160838842392,0.09213263541460037,0.026456572115421295,0.09801497310400009,0.15177224576473236,-0.22571229934692383,-0.01579101011157036,-0.05645372346043587,-0.005154146812856197,0.032025888562202454,0.06217899173498154,0.10925266146659851,Lady Gaga
10,-0.047141771763563156,0.009960752911865711,0.0961836725473404,0.0611041784286499,-0.07078034430742264,0.05258061736822128,0.16037820279598236,0.11963032931089401,-0.03760413080453873,-0.037033263593912125,0.13232722878456116,-0.15440723299980164,0.10450408607721329,-0.07011102885007858,0.039301835000514984,0.1183556318283081,-0.1658344268798828,-0.015498236753046513,-0.13198047876358032,0.039494745433330536,0.1387859582901001,0.14657394587993622,0.03447620943188667,-0.1702345311641693,0.04944348335266113,-0.12708573043346405,0.03744594007730484,0.09066887199878693,-0.09412539750337601,0.015545648522675037,-0.19585761427879333,0.09910709410905838,-0.013709035702049732,-0.016355210915207863,0.07623923569917679,-0.16667339205741882,0.03754473850131035,-0.04685994237661362,-0.023540114983916283,-0.10847686976194382,0.02963007614016533,0.08983459323644638,-0.069481760263443,-0.08298392593860626,-0.03111959993839264,-0.041016586124897,0.029187554493546486,-0.030324822291731834,0.10955565422773361,0.19885100424289703,0.02220812998712063,0.004116211552172899,0.14927831292152405,-0.04967154935002327,-0.02557319588959217,-0.05419987440109253,0.09548375010490417,0.00702961441129446,-0.14691825211048126,-0.035264257341623306,-0.018673842772841454,0.0876099243760109,-0.0472000390291214,0.06842029839754105,0.05074956268072128,-0.15693624317646027,0.08870597928762436,-0.05983434244990349,-0.09006303548812866,-0.05297229811549187,-0.05489738658070564,0.052085816860198975,-0.07084405422210693,-0.10303807258605957,-0.00784028135240078,-0.037688009440898895,-0.06483329087495804,0.17375041544437408,-0.039508622139692307,0.12790031731128693,-0.054746098816394806,-0.04528374224901199,0.07144858688116074,-0.0748753771185875,0.16305992007255554,0.02500292658805847,0.09216056764125824,0.023696379736065865,0.0050049033015966415,-0.11311288923025131,0.0650373175740242,0.1447090208530426,-0.015114708803594112,0.18280647695064545,0.1036377102136612,0.03668561577796936,-0.03557966277003288,-0.12151791155338287,0.02505572885274887,-0.11456804722547531,0.10822746902704239,0.0001311222731601447,-0.05052810534834862,-0.09842202067375183,0.03292816877365112,0.01940816640853882,-0.01178171020001173,0.02647693268954754,0.0355035774409771,0.1613587588071823,-0.020926261320710182,-0.09428083151578903,-0.004598209168761969,0.1281059831380844,-0.11325006186962128,0.026830026879906654,0.08579228073358536,-0.027530428022146225,-0.16251882910728455,-0.006165230646729469,0.013593942858278751,-0.0017349572153761983,-0.019243206828832626,0.0447247251868248,0.0055726319551467896,-0.020516837015748024,-0.1873038113117218,0.007534842938184738,Jhonny Depp
11,0.014860080555081367,0.11417781561613083,-0.24141761660575867,0.006845420692116022,-0.08063757419586182,-0.15436901152133942,-0.008713124319911003,0.13850615918636322,-0.1364501565694809,0.07773635536432266,0.03326764330267906,-0.019909389317035675,-0.019031204283237457,0.12633340060710907,-0.006938760168850422,0.0734119564294815,0.048637520521879196,-0.09723946452140808,-0.032365165650844574,0.03369200602173805,0.07055032253265381,0.04205196350812912,0.008515886031091213,0.10888443142175674,0.09348921477794647,0.005688342731446028,-0.028386622667312622,-0.06191154569387436,0.07625425606966019,-0.02084299363195896,-0.1169612929224968,0.09969916194677353,-0.036173198372125626,0.15628314018249512,0.0662861317396164,-0.10597233474254608,-0.027465220540761948,0.028287768363952637,0.02490145154297352,0.02323225885629654,-0.1250656694173813,0.10657418519258499,0.046630751341581345,0.020800890401005745,0.013490135781466961,-0.032055675983428955,0.08505453169345856,0.04461777210235596,0.0967964380979538,0.14256896078586578,-0.1710222065448761,0.13724316656589508,-0.025050532072782516,-0.02963697537779808,-0.06195252016186714,-0.04519248381257057,-0.08569435775279999,0.007879523560404778,-0.0017632005037739873,0.10947401076555252,-0.04779652878642082,0.08279236406087875,-0.04885333403944969,-0.09656199812889099,-0.027167176827788353,0.011148979887366295,-0.11471118032932281,0.11888931691646576,0.07890541851520538,-0.05413499474525452,0.07210993021726608,-0.01726503297686577,0.03485388308763504,0.01964171603322029,0.04587668925523758,-0.13826362788677216,0.1772432178258896,-0.08285027742385864,0.04827309027314186,-0.11070241034030914,0.04652955383062363,-0.08985678851604462,-0.11040497571229935,-0.01025738287717104,0.11868730187416077,0.20574969053268433,-0.15066836774349213,-0.12804831564426422,0.04645361751317978,0.005419343709945679,0.09398936480283737,0.16395479440689087,0.10043688863515854,-0.010571256279945374,0.04942163825035095,0.14246763288974762,0.05558863654732704,0.10663536190986633,-0.22235076129436493,-0.038727641105651855,-0.010076463222503662,-0.02484659105539322,0.07186627388000488,-0.04481383413076401,-0.016734305769205093,-0.15126223862171173,0.11431239545345306,-0.008283188566565514,-0.20187640190124512,0.11052249372005463,0.051922183483839035,-0.0061341519467532635,0.06970895081758499,0.033244237303733826,-0.033908661454916,-0.1557038128376007,-0.05858873203396797,0.021770808845758438,0.08507867902517319,0.10141805559396744,-0.003941395319998264,0.01988111063838005,-0.10544969886541367,-0.002750457962974906,-0.07954771816730499,0.01945537142455578,0.028532367199659348,0.029810437932610512,Nicolas Cage
12,0.11434921622276306,0.09475980699062347,0.0013409919338300824,-0.04523692652583122,0.02937738224864006,-0.13364475965499878,-0.04550987482070923,-0.04414384067058563,0.05446367338299751,0.11576766520738602,0.015655048191547394,-0.12015400826931,-0.011122860945761204,0.004160602577030659,-0.04475407302379608,0.0173379797488451,-0.1123991385102272,-0.09085188060998917,0.01652958244085312,-0.111112579703331,0.18647897243499756,0.0736810490489006,-0.11012403666973114,0.006652034353464842,0.2281341850757599,-0.09857535362243652,-0.10800658166408539,0.09815957397222519,0.044978588819503784,-0.011853514239192009,0.040157806128263474,-0.07848314195871353,0.07847534865140915,0.04893253371119499,-0.07330944389104843,0.05856924131512642,0.06270278990268707,-0.029918042942881584,-0.02252263016998768,-0.06903684884309769,0.04669484123587608,0.19107267260551453,-0.05408193916082382,-0.020739736035466194,-0.25415560603141785,0.15254651010036469,-0.08499780297279358,0.04491690546274185,-0.11343171447515488,0.018556255847215652,-0.0663904920220375,0.07284563779830933,-0.09249788522720337,0.044037558138370514,-0.024661626666784286,0.05200125649571419,0.11476817727088928,-0.06677985191345215,0.05099821463227272,-0.07375817745923996,0.052186623215675354,-0.07819844782352448,0.04975080490112305,0.015384906902909279,0.04613829031586647,-0.03718525171279907,-0.08869419991970062,-0.06593076884746552,-0.045282844454050064,-0.02741262875497341,0.014932563528418541,-0.04170404002070427,-0.09864243119955063,-0.2106637805700302,-0.06279715150594711,0.005228851921856403,0.15109850466251373,0.12941642105579376,-0.01885557360947132,0.09213892370462418,-0.026146860793232918,-0.07886164635419846,0.20352162420749664,0.07387171685695648,-0.0022987688425928354,0.0342823788523674,-0.06082257255911827,0.03511473909020424,0.1020544096827507,0.039053209125995636,0.1254667490720749,-0.05673399567604065,0.09842623770236969,0.145784392952919,0.10874932259321213,-0.06772415339946747,-0.00913727842271328,-0.15965966880321503,0.014755028299987316,-0.009028253145515919,0.002421820070594549,0.17705275118350983,0.04966569319367409,-0.07763700932264328,-0.0259062759578228,0.04744090512394905,-0.09703748673200607,0.1317194104194641,-0.025686312466859818,0.06490935385227203,0.019716860726475716,-0.17159493267536163,-0.08307395875453949,0.1591946929693222,0.10503639280796051,-0.010698648169636726,0.09638157486915588,-0.04796140640974045,-0.0012285333359614015,-0.03647671639919281,0.03848975896835327,0.11833187192678452,-0.08567897230386734,-0.08304543793201447,0.07618338614702225,-0.1134089007973671,-0.01445780973881483,0.006685379892587662,Leonardo Di Caprio
13,0.1144537702202797,0.048071909695863724,0.00827340129762888,-0.01380504947155714,-0.030679455026984215,0.10250557959079742,0.01156715489923954,0.041300468146800995,0.05768013373017311,-0.12089280784130096,0.11324553191661835,-0.05378800258040428,-0.029911579564213753,0.08350836485624313,-0.0801459476351738,-0.07895172387361526,-0.13619910180568695,-0.1697612851858139,-0.007222013548016548,0.16193296015262604,0.05012758821249008,-0.012259288690984249,0.03117305599153042,-0.0720529779791832,0.1705513447523117,-0.14964236319065094,-0.02903309278190136,-0.20110292732715607,-0.07669306546449661,-0.10707229375839233,-0.022768158465623856,-0.14595787227153778,-0.007791548036038876,0.07431773841381073,-0.12891371548175812,0.11687301099300385,0.03007870353758335,0.036203689873218536,0.11439324915409088,0.00384337455034256,0.06766582280397415,0.07087743282318115,-0.15984603762626648,-0.019018905237317085,-0.12800072133541107,-0.03451845422387123,-0.14010624587535858,0.17311164736747742,0.004027419723570347,-0.09093789011240005,0.007447199895977974,0.16202691197395325,0.026980075985193253,-0.09368591010570526,0.028766803443431854,-0.05729777365922928,0.1604580581188202,0.02097712643444538,0.017549939453601837,0.03455028310418129,0.12304230034351349,-0.002879943698644638,-0.04915032908320427,-0.06797575205564499,0.08358202129602432,-0.010490220040082932,0.005288092419505119,-0.06334986537694931,-0.2256123423576355,0.07722340524196625,0.005893496330827475,-0.024110490456223488,-0.2166203409433365,-0.08141610771417618,0.049496132880449295,0.008364091627299786,0.0033328731078654528,0.1874314695596695,-0.07573692500591278,0.1147250160574913,-0.01439354382455349,-0.0092732273042202,0.13456366956233978,0.043237388134002686,0.08346102386713028,0.1072184294462204,-0.08368366956710815,-0.009812949225306511,-0.023939944803714752,-0.17979119718074799,0.11703108251094818,-0.0481618270277977,0.08292292803525925,0.059230055660009384,-0.002961892867460847,0.06993881613016129,-0.007685254793614149,-0.10985127091407776,-0.038198601454496384,0.03010338917374611,-0.049664564430713654,-0.10924451053142548,-0.08431318402290344,0.04568953067064285,-0.0781453475356102,-0.0026374496519565582,0.07282686978578568,0.033601660281419754,0.0009107901714742184,0.06410080939531326,-0.06419440358877182,-0.09706784039735794,0.13036425411701202,-0.13757851719856262,-0.017712941393256187,0.011985315941274166,-0.07720071822404861,0.0517725795507431,0.02295229397714138,0.0054765804670751095,0.03897568956017494,-0.021242592483758926,-0.05507196858525276,-0.11347885429859161,0.08911559730768204,-0.08321288973093033,-0.11662710458040237,0.03913682699203491,Elon Musk
14,0.15300065279006958,0.1921859234571457,-0.023148782551288605,0.1428654044866562,-0.11960236728191376,0.18587201833724976,0.012069553136825562,-0.1352655291557312,0.033362437039613724,0.07064247876405716,-0.12808221578598022,-0.06116604804992676,-0.06479883193969727,0.005119504872709513,0.017928536981344223,-0.11527982354164124,-0.15696999430656433,0.07488078624010086,0.05800293758511543,-0.043053481727838516,0.030571328476071358,-0.05259053781628609,0.08914164453744888,0.09327419847249985,-0.00040193236782215536,-0.05033685639500618,-0.10329725593328476,-0.030640698969364166,0.08124815672636032,0.024490073323249817,-0.04788972809910774,-0.01340545155107975,-0.11306829005479813,0.18102408945560455,-0.001066442346200347,-0.09312120079994202,-0.020104780793190002,-0.0602768249809742,0.053922612220048904,0.11698000878095627,0.17975911498069763,-0.08634353429079056,0.06928431987762451,-0.056604593992233276,0.015618997626006603,0.13318394124507904,0.04626035317778587,0.04229864105582237,0.04343995451927185,-0.1844504177570343,0.01182530913501978,0.005187731236219406,-0.0041967518627643585,0.03768359497189522,-0.044484611600637436,0.11106816679239273,0.03460158780217171,-0.01693454384803772,0.013046237640082836,-0.0485452339053154,-0.06325871497392654,0.02352394163608551,-0.10318510979413986,0.008705674670636654,0.026843169704079628,0.039344027638435364,0.07414000481367111,0.07195229828357697,0.03244829922914505,-0.19873207807540894,0.054312027990818024,-0.07333679497241974,0.18408289551734924,0.06489415466785431,0.04737456515431404,0.10800699889659882,0.04284911975264549,0.10528630018234253,-0.09096188843250275,-0.029296008870005608,0.12245022505521774,-0.03473109379410744,0.015337335877120495,-0.15549041330814362,0.020706776529550552,-0.06000247970223427,-0.0745212510228157,0.14720815420150757,-0.013716770336031914,0.07874565571546555,0.03282570838928223,0.0777844488620758,0.12847870588302612,0.012293320149183273,0.03226879611611366,0.023032164201140404,-0.004674529191106558,0.011091706342995167,-0.027569513767957687,0.05312178656458855,-0.15096117556095123,-0.010253733024001122,-0.055681269615888596,0.013235359452664852,-0.11995076388120651,-0.03726375848054886,0.05792602524161339,0.07293912768363953,-0.0559922531247139,-0.11283751577138901,-0.06591802090406418,0.16028426587581635,-0.17831170558929443,-0.1756150722503662,-0.009660456329584122,0.09249476343393326,0.011433015577495098,0.04690559580922127,0.12564750015735626,0.09851790964603424,-0.08214570581912994,-0.06675251573324203,0.1546766459941864,-0.02625512145459652,0.06558120250701904,0.027622079476714134,0.08491475135087967,0.15841910243034363,Priyanka Chopra
15,0.034387171268463135,-0.08370817452669144,0.17199888825416565,-0.110743947327137,-0.030663777142763138,0.09102858603000641,0.0029607503674924374,0.018919669091701508,-0.029725994914770126,0.19174213707447052,0.07046718150377274,-0.02688293531537056,0.12891773879528046,-0.1543135643005371,0.13266442716121674,-0.053578976541757584,0.03506646677851677,-0.1766400933265686,0.06919162720441818,0.07275272160768509,0.051532045006752014,-0.16175028681755066,0.19910168647766113,0.07921940833330154,-0.0774862989783287,-0.03893500939011574,0.07297051697969437,0.06144159659743309,-0.11192014813423157,0.05810103937983513,0.0611065998673439,-0.1597079485654831,0.020280512049794197,-0.11538657546043396,0.03448515012860298,0.029133878648281097,-0.04898303374648094,0.010424972511827946,0.055731821805238724,0.036291565746068954,-0.039468009024858475,-0.12004853039979935,0.1072625145316124,0.05900738760828972,0.0474262498319149,0.09329625964164734,0.052803993225097656,0.03516107797622681,-0.03715347498655319,-0.014085500501096249,0.04642196372151375,0.07838563621044159,0.015264196321368217,-0.07756870985031128,-0.08111564815044403,-0.046646781265735626,0.02269723452627659,0.08186472952365875,0.004365964327007532,-0.004871844779700041,0.05840838700532913,0.002623557345941663,-0.015740353614091873,-0.06136598438024521,0.01916167512536049,-0.1556844711303711,-0.030178898945450783,-0.12401746958494186,-0.10012251138687134,0.08798478543758392,-0.05684471130371094,-0.11665207147598267,0.0497777946293354,-0.10205239057540894,0.0009180319029837847,0.08702067285776138,-0.09005364030599594,-0.025127774104475975,-0.09569090604782104,0.013933548703789711,0.03578745573759079,0.09220853447914124,0.2034989595413208,-0.05765095725655556,0.02828334830701351,-0.08229710906744003,0.028460755944252014,0.06592953205108643,-0.007888024672865868,-0.07395613938570023,-0.09268008917570114,-0.051384128630161285,0.019155455753207207,0.14391258358955383,0.12362237274646759,0.03534705564379692,-0.09137561917304993,-0.006914928089827299,-0.06727338582277298,0.02067583054304123,0.13570691645145416,-0.10898896306753159,0.046933066099882126,0.05918603017926216,-0.20897486805915833,0.04311061650514603,0.050277628004550934,0.18698133528232574,0.21152761578559875,-0.03928235545754433,-0.11051398515701294,-0.0588599257171154,-0.0030958966817706823,-0.01305010449141264,0.014270417392253876,-0.016771908849477768,0.10535353422164917,-0.04333696514368057,0.00540896225720644,-0.1683962494134903,0.18813161551952362,-0.10923665016889572,-0.06904371082782745,-0.03355379402637482,0.04230867698788643,-0.14046421647071838,0.02422385662794113,-0.03933042287826538,PaPa
16,-0.006902951281517744,-0.08127414435148239,0.21250346302986145,-0.07832763344049454,-0.07524314522743225,0.11845123767852783,0.07950945943593979,-0.014139781706035137,-0.05846336856484413,0.10969101637601852,0.1699005663394928,-0.0933234840631485,0.10790326446294785,-0.13413523137569427,0.022306695580482483,-0.07188423722982407,0.06658049672842026,-0.11043921858072281,0.05762133747339249,0.08454199880361557,0.08564901351928711,-0.17894430458545685,0.16931913793087006,0.10537455976009369,-0.13161732256412506,-0.10822011530399323,0.023473922163248062,0.029207946732640266,-0.15155836939811707,-0.04052238166332245,0.08688594400882721,-0.12881183624267578,0.040085937827825546,-0.05222960561513901,-0.07350806146860123,0.07938534766435623,-0.04922650381922722,0.012829357758164406,0.06778865307569504,0.03861594200134277,0.030559463426470757,-0.1332949846982956,0.11029564589262009,0.04587157815694809,0.056512460112571716,0.1595587432384491,0.029543515294790268,0.057703420519828796,-0.011470835655927658,-0.09730226546525955,0.004419699311256409,0.036889154464006424,-0.034881073981523514,-0.01954958774149418,-0.08759547770023346,0.099357970058918,-0.029313314706087112,0.06888438016176224,-0.0692932978272438,0.008318173699080944,0.0317227840423584,0.10889101773500443,-0.04831603914499283,0.025967678055167198,0.055863089859485626,-0.0894482359290123,0.04635779187083244,-0.140210822224617,-0.07473726570606232,0.12338589131832123,-0.059555262327194214,0.010089625604450703,0.1167447566986084,-0.08789703994989395,-0.01792456954717636,0.06530925631523132,-0.1496770828962326,-0.029504280537366867,-0.12172891199588776,0.11905932426452637,0.04393857717514038,0.030998321250081062,0.16630898416042328,-0.13572511076927185,0.06184978410601616,-0.0050063105300068855,-0.011890936642885208,0.09815342724323273,0.04061584547162056,-0.0823618695139885,0.034064967185258865,0.040545716881752014,0.05607663467526436,0.21694858372211456,0.15886546671390533,0.02962917648255825,-0.04258350655436516,-0.00517246825620532,-0.049643632024526596,0.008952420204877853,0.12793655693531036,-0.1101166382431984,0.07354450970888138,0.06761933863162994,-0.1390528380870819,0.015286637470126152,0.12136075645685196,0.12587463855743408,0.14714714884757996,-0.1096852645277977,-0.15120385587215424,-0.013637651689350605,-0.010338153690099716,0.016395309939980507,-0.10948467999696732,-0.0009175687446258962,0.10995718091726303,0.038171976804733276,-0.02487325854599476,-0.11858515441417694,0.02718241885304451,-0.015612689778208733,0.0441114604473114,-0.049227990210056305,0.009821713902056217,-0.10564878582954407,0.043721601366996765,-0.021839456632733345,PaPa
17,0.02709244005382061,-0.0466325469315052,0.20855797827243805,-0.033569060266017914,-0.0933322161436081,0.12341343611478806,0.04347548633813858,0.06819640845060349,-0.09779011458158493,0.18025049567222595,0.08298838138580322,-0.07138445973396301,0.08391117304563522,-0.07561171799898148,0.03842402249574661,-0.05988357961177826,0.08859405666589737,-0.2135803997516632,0.061995286494493484,0.12530985474586487,0.07720740139484406,-0.09228683263063431,0.16815708577632904,0.09366092085838318,-0.04295269772410393,-0.11222532391548157,0.020816443488001823,0.03976523131132126,-0.06851080805063248,0.03970229625701904,0.0932653546333313,-0.18025723099708557,0.08453480154275894,-0.10736691206693649,-0.019100792706012726,0.02824511006474495,-0.05039403960108757,0.009748635813593864,0.04982033371925354,0.07525389641523361,-0.0981077179312706,-0.09439578652381897,0.07671565562486649,0.08778712153434753,0.019635124132037163,0.13909387588500977,0.031076723709702492,0.07763834297657013,-0.0770641341805458,-0.020801283419132233,0.05053837597370148,0.06540224701166153,0.016176670789718628,-0.07888687402009964,-0.14735889434814453,0.02961098775267601,0.05664246156811714,0.0819372609257698,-0.049153540283441544,-0.02576775848865509,-0.021567417308688164,0.01640748791396618,-0.02165844663977623,-0.09042707830667496,0.008844316937029362,-0.20552635192871094,0.000714794616214931,-0.1056164801120758,-0.13620918989181519,0.07440904527902603,-0.0364486388862133,-0.08678828924894333,0.0587378665804863,-0.08874458819627762,-0.001498795347288251,0.10580980777740479,-0.01452832855284214,0.006447171326726675,-0.10268235206604004,0.13178396224975586,0.07407630234956741,0.019284121692180634,0.15157343447208405,-0.09264282882213593,0.0885397270321846,-0.0021391641348600388,0.026616323739290237,0.04210689291357994,0.004673349671065807,-0.046927642077207565,-0.009577390737831593,0.03354434669017792,0.040636420249938965,0.1862310916185379,0.07335217297077179,0.030606335029006004,-0.05767422541975975,-0.03967368230223656,-0.08147866278886795,-0.026892254129052162,0.10307148844003677,-0.08621873706579208,0.09192631393671036,0.015726154670119286,-0.21166227757930756,-0.05512244254350662,0.044384293258190155,0.1163988932967186,0.21484456956386566,-0.040761131793260574,-0.1456170231103897,-0.05625907704234123,0.023359768092632294,0.028607182204723358,-0.012632502242922783,-0.07429532706737518,0.13968299329280853,0.0017051594331860542,0.019180111587047577,-0.13002584874629974,0.12973354756832123,-0.10971850156784058,-0.11486292630434036,0.003444410627707839,0.07588905096054077,-0.09771637618541718,-0.01432390883564949,0.024778274819254875,PaPa
